{"cameraMode":{"drawMode":0,"name":"Shaded","section":"Shading Mode"},"sceneLighting":true,"audioPlay":false,"sceneViewState":{"showFog":true,"showMaterialUpdate":true,"showSkybox":false,"showFlares":true,"showImageEffects":true,"showParticleSystems":true},"in2DMode":false,"pivot":{"x":1.3405448198318482,"y":-38.58558654785156,"z":159.3125},"rotation":{"x":0.12572705745697022,"y":-0.14822514355182649,"z":0.019001783803105356,"w":0.980745255947113},"size":928.7470703125,"orthographic":true}